{"code.js":"code.js","fbapp-config.json":"fbapp-configd3de5199.json","game/bgGame.png":"game/bgGame20f4a45f.png","game/img_dangqiandefen.png":"game/img_dangqiandefen22ee8a82.png","game/img_di1.png":"game/img_di11cfd6f70.png","game/img_di2.png":"game/img_di2ca43f0dd.png","game/img_di3.png":"game/img_di3b9be7632.png","game/img_xinxilan_dikuang.png":"game/img_xinxilan_dikuang1af3f8ff.png","game/shard.png":"game/shard72433708.png","index.html":"index.html","js/Core/Bubble.js":"js/Core/Bubbleb0f5c0a6.js","js/Core/GameScene.js":"js/Core/GameScene981f539f.js","js/Core/MatterSceneMonster.js":"js/Core/MatterSceneMonster5160eaca.js","js/Core/Utility.js":"js/Core/Utility95de1b57.js","js/Game.js":"js/Gamee28807d0.js","js/GameConfig.js":"js/GameConfig6c1384f1.js","js/Tool/GameDebug.js":"js/Tool/GameDebug036925ac.js","js/Tool/MessageController.js":"js/Tool/MessageControllerbcbf3489.js","js/Tool/Notification.js":"js/Tool/Notification50c5dfc4.js","js/Tool/SceneManager.js":"js/Tool/SceneManagerb1860b9f.js","js/Tool/SoundManager.js":"js/Tool/SoundManageref908e64.js","js/Tool/UIManager.js":"js/Tool/UIManager2f47e345.js","js/Tool/Utils.js":"js/Tool/Utils31bda59f.js","js/ui/layaUI.max.all.js":"js/ui/layaUI.max.all2bd33d71.js","js/UILogic/GameoverUILogic.js":"js/UILogic/GameoverUILogic7d596bfc.js","js/UILogic/GameSharedUILogic.js":"js/UILogic/GameSharedUILogicfb814b72.js","js/UILogic/GameUILogic.js":"js/UILogic/GameUILogicc2419cb1.js","js/WXGame.js":"js/WXGame61f2eb1f.js","libs/bytebuffer.js":"libs/bytebufferc301aa56.js","libs/domparserinone.js":"libs/domparserinone5aea3abb.js","libs/laya.ani.js":"libs/laya.ania3716e15.js","libs/laya.core.js":"libs/laya.coreda424575.js","libs/laya.d3.js":"libs/laya.d38218fa8b.js","libs/laya.d3Plugin.js":"libs/laya.d3Plugin045ac49e.js","libs/laya.debugtool.js":"libs/laya.debugtool324190c6.js","libs/laya.device.js":"libs/laya.device49cc70ca.js","libs/laya.filter.js":"libs/laya.filter98c5ff04.js","libs/laya.html.js":"libs/laya.htmlffc8ccbf.js","libs/laya.particle.js":"libs/laya.particlee6b567d9.js","libs/laya.pathfinding.js":"libs/laya.pathfinding34d15e13.js","libs/laya.tiledmap.js":"libs/laya.tiledmap0513d336.js","libs/laya.ui.js":"libs/laya.ui61ce515e.js","libs/laya.webgl.js":"libs/laya.webgl35635728.js","libs/laya.wxmini.js":"libs/laya.wxminic75f281d.js","libs/LayaRender.js":"libs/LayaRender3dd13c29.js","libs/matter-RenderLaya.js":"libs/matter-RenderLayae4ef9118.js","libs/matter.js":"libs/matter3d83b7d4.js","libs/min/laya.ani.min.js":"libs/min/laya.ani.min50fe9adb.js","libs/min/laya.core.min.js":"libs/min/laya.core.minea359348.js","libs/min/laya.d3.min.js":"libs/min/laya.d3.min107a9b5d.js","libs/min/laya.d3Plugin.min.js":"libs/min/laya.d3Plugin.min2c373cf8.js","libs/min/laya.debugtool.min.js":"libs/min/laya.debugtool.min939cc4c3.js","libs/min/laya.device.min.js":"libs/min/laya.device.min0464229a.js","libs/min/laya.filter.min.js":"libs/min/laya.filter.min731bbd84.js","libs/min/laya.html.min.js":"libs/min/laya.html.min990add63.js","libs/min/laya.particle.min.js":"libs/min/laya.particle.minf96a88c1.js","libs/min/laya.pathfinding.min.js":"libs/min/laya.pathfinding.min053ee147.js","libs/min/laya.tiledmap.min.js":"libs/min/laya.tiledmap.min111afef2.js","libs/min/laya.ui.min.js":"libs/min/laya.ui.min5fe357a7.js","libs/min/laya.webgl.min.js":"libs/min/laya.webgl.min1b35c877.js","libs/min/laya.wxmini.min.js":"libs/min/laya.wxmini.min33a9c2c3.js","libs/protobuf.js":"libs/protobufd2ff6ec9.js","libs/worker.js":"libs/workera3c7f3ba.js","project.config.json":"project.configd563c401.json","res/atlas/bubbles.atlas":"res/atlas/bubblesd2445841.atlas","res/atlas/bubbles.png":"res/atlas/bubblescd392b4e.png","res/atlas/game.atlas":"res/atlas/game25b4ceb5.atlas","res/atlas/game.png":"res/atlas/gameaa6b3617.png","res/music/1.mp3":"res/music/10f1bd9fb.mp3","res/music/1.wav":"res/music/1addae860.wav","res/music/12.ogg":"res/music/12c64ca935.ogg","res/music/2.wav":"res/music/223363621.wav","res/music/3.wav":"res/music/35ed8e5ee.wav","res/music/4.wav":"res/music/4f2ff1091.wav","res/music/6.wav":"res/music/69edd3c7b.wav","res/music/7.wav":"res/music/79777bd55.wav","res/music/8.wav":"res/music/8227665c6.wav","res/music/9.wav":"res/music/996a3c73c.wav","unpack.json":"unpack7be7cac3.json","version.json":"version99914b93.json"}